requirement_area,status,frontend,backend,database,tests,security,notes
Shared platform core,MISSING,MISSING,MISSING,MISSING,MISSING,MISSING,"No shared domain/runtime exists"
Authentication and sessions,MISSING,MISSING,MISSING,MISSING,MISSING,MISSING,"No registration/login/session/password-reset implementation"
RBAC and permissions,MISSING,MISSING,MISSING,MISSING,MISSING,MISSING,"No roles, permissions, ownership checks, or policy layer"
Wholesale accounts and membership,MISSING,MISSING,MISSING,MISSING,MISSING,MISSING,"No WholesaleAccount, plan, entitlement, expiry, or server-side checkout guard"
Supplier application and approval,MISSING,MISSING,MISSING,MISSING,MISSING,MISSING,"No application, document review, state transition, or supplier account"
Supplier portal,MISSING,MISSING,MISSING,MISSING,MISSING,MISSING,"No supplier UI or APIs"
Supplier privacy/data minimization,MISSING,MISSING,MISSING,MISSING,MISSING,MISSING,"No public/private DTO boundary or supplier isolation"
Product catalog,MISSING,MISSING,MISSING,MISSING,MISSING,MISSING,"No products, categories, brands, or catalog APIs"
Fashion product attributes,MISSING,MISSING,MISSING,MISSING,MISSING,MISSING,"No extensible clothing/shoe/accessory attributes"
Product variants and SKU,MISSING,MISSING,MISSING,MISSING,MISSING,MISSING,"No variants, SKU, barcode, media, price, or availability"
Seller ownership and market rules,MISSING,MISSING,MISSING,MISSING,MISSING,MISSING,"No platform/supplier seller model or Retail/Wholesale restrictions"
Warehouse and locations,MISSING,MISSING,MISSING,MISSING,MISSING,MISSING,"No warehouse, location, bin, or operational UI"
Inbound receiving and QC,MISSING,MISSING,MISSING,MISSING,MISSING,MISSING,"No inbound shipment, receiving, verification, QC, damage, or shortage workflow"
Inventory ledger and balances,MISSING,MISSING,MISSING,MISSING,MISSING,MISSING,"No append-oriented movement ledger or quantity model"
Inventory reservations and concurrency,MISSING,MISSING,MISSING,MISSING,MISSING,MISSING,"No transaction, lock, atomic update, idempotency, or race tests"
Inventory transfers/adjustments/holds,MISSING,MISSING,MISSING,MISSING,MISSING,MISSING,"No transfer, count, adjustment, hold, or release operations"
Retail commerce,MISSING,MISSING,MISSING,MISSING,MISSING,MISSING,"No Retail storefront or platform-seller flow"
Wholesale commerce,MISSING,MISSING,MISSING,MISSING,MISSING,MISSING,"No Wholesale storefront, supplier listings, MOQ, or membership gate"
Cart and checkout,MISSING,MISSING,MISSING,MISSING,MISSING,MISSING,"No cart, checkout, pricing snapshot, validation, or idempotency"
Retail order lifecycle,MISSING,MISSING,MISSING,MISSING,MISSING,MISSING,"No Retail order state machine or timeline"
Wholesale order lifecycle,MISSING,MISSING,MISSING,MISSING,MISSING,MISSING,"No Wholesale order state machine or warehouse fulfillment states"
Payment integration,MISSING,MISSING,MISSING,MISSING,MISSING,MISSING,"No payment adapter, intent, callback, or webhook handling"
Refunds and invoices,MISSING,MISSING,MISSING,MISSING,MISSING,MISSING,"No refund entity, partial refund logic, invoice, or history"
Finance and accounting,MISSING,MISSING,MISSING,MISSING,MISSING,MISSING,"No transaction, receivable, payable, commission, or accounting references"
Supplier wallet,MISSING,MISSING,MISSING,MISSING,MISSING,MISSING,"No wallet ledger or pending/available/held balances"
Supplier settlement,MISSING,MISSING,MISSING,MISSING,MISSING,MISSING,"No gross-minus-commission/returns settlement calculation or ledger"
Supplier withdrawal,MISSING,MISSING,MISSING,MISSING,MISSING,MISSING,"No request/review/payment/failure workflow or balance reservation"
Pricing engine,MISSING,MISSING,MISSING,MISSING,MISSING,MISSING,"No retail/wholesale/tiered/supplier price model or history"
Discounts and coupons,MISSING,MISSING,MISSING,MISSING,MISSING,MISSING,"No discount rules, coupon eligibility, usage limits, or snapshots"
Festival and promotion engine,MISSING,MISSING,MISSING,MISSING,MISSING,MISSING,"No campaign/rule/priority/stacking implementation"
CRM and customer profiles,MISSING,MISSING,MISSING,MISSING,MISSING,MISSING,"No profiles, tags, notes, activities, purchase history, or LTV"
Customer segmentation,MISSING,MISSING,MISSING,MISSING,MISSING,MISSING,"No segments or eligibility evaluation"
SMS marketing and automation,MISSING,MISSING,MISSING,MISSING,MISSING,MISSING,"No provider interface, campaign, delivery tracking, or job system"
Shipping abstraction and tracking,MISSING,MISSING,MISSING,MISSING,MISSING,MISSING,"No rates, methods, shipment/package, provider mapping, or tracking events"
Returns and inspections,MISSING,MISSING,MISSING,MISSING,MISSING,MISSING,"No return request lifecycle, evidence, inspection, or inventory effect"
Ticketing and support,MISSING,MISSING,MISSING,MISSING,MISSING,MISSING,"No customer/wholesale/supplier tickets, messages, attachments, or SLA"
Style Builder,MISSING,MISSING,MISSING,MISSING,MISSING,MISSING,"No style sessions, saved styles, compatibility, or catalog integration"
Virtual Try-On,MISSING,MISSING,MISSING,MISSING,MISSING,MISSING,"No upload security, provider abstraction, job lifecycle, quota, or retention"
External API adapters and webhooks,MISSING,MISSING,MISSING,MISSING,MISSING,MISSING,"No payment/SMS/shipping/Try-On/storage/email adapter or webhook boundary"
Admin operations dashboard,MISSING,MISSING,MISSING,MISSING,MISSING,MISSING,"No actionable admin queues, approvals, overrides, or audit views"
Reports and financial analytics,MISSING,MISSING,MISSING,MISSING,MISSING,MISSING,"No sales/inventory/finance/supplier/customer/returns metrics"
Marketing analytics,MISSING,MISSING,MISSING,MISSING,MISSING,MISSING,"No metric definitions, campaign attribution, coupon usage, or conversion reports"
Blog/CMS and SEO,MISSING,MISSING,MISSING,MISSING,MISSING,MISSING,"No posts, categories, tags, metadata, sitemap, schema, or redirects"
API validation and error contract,MISSING,MISSING,MISSING,MISSING,MISSING,MISSING,"No typed routes, server validation, pagination, filtering, or consistent errors"
Audit logging,MISSING,MISSING,MISSING,MISSING,MISSING,MISSING,"No actor/action/resource/before-after/reason/request metadata"
Observability and reliability,MISSING,MISSING,MISSING,MISSING,MISSING,MISSING,"No structured logs, correlation IDs, metrics, health checks, timeout, or retry policy"
Rate limiting and security headers,MISSING,MISSING,MISSING,MISSING,MISSING,MISSING,"No login/OTP/API/upload/Try-On limits or deployment headers"
Accessibility and responsive UX,MISSING,MISSING,MISSING,MISSING,MISSING,MISSING,"No UI exists to evaluate"
Unit/integration/E2E testing,MISSING,MISSING,MISSING,MISSING,MISSING,MISSING,"No test runner, fixtures, database test setup, or Playwright project"
CI/CD and dependency security,MISSING,MISSING,MISSING,MISSING,MISSING,MISSING,"No workflow, lockfile, lint, typecheck, build, test, or scan pipeline"
Deployment/secrets/backup/recovery,MISSING,MISSING,MISSING,MISSING,MISSING,MISSING,"No environment contract, secret injection, deployment, backup, restore, or rollback"
Documentation and ADRs,MISSING,NA,NA,NA,NA,NA,"Only a one-line README existed before this audit; audit and initial ADR now document baseline"
